tweet_id,Number_of_Likes,retweet_count
892420643555336193,36192,7703
892177421306343426,31207,5697
891815181378084864,23499,3777
891689557279858688,39474,7861
891327558926688256,37684,8480
891087950875897856,18982,2839
890971913173991426,11056,1847
890729181411237888,60963,17196
890609185150312448,26136,3912
890240255349198849,29871,6691
890006608113172480,28748,6677
889880896479866881,26166,4546
889665388333682689,45026,9117
889638837579907072,25334,4087
889531135344209921,14191,2056
889278841981685760,23613,4858
888917238123831296,27271,4098
888804989199671297,23973,3868
888554962724278272,18509,3176
888078434458587136,20415,3161
887705289381826560,28350,4911
887517139158093824,43460,10733
887473957103951883,64408,16401
887343217045368832,31548,9550
887101392804085760,28698,5442
886983233522544640,32737,6999
886736880519319552,11230,2931
886680336477933568,21060,4079
886366144734445568,19821,2887
886267009285017600,111,4
886258384151887873,26222,5762
886054160059072513,0,100
885984800019947520,30524,6126
885528943205470208,33686,5830
885518971528720385,19200,3405
885311592912609280,0,16891
885167619883638784,20514,3988
884925521741709313,72206,16506
884876753390489601,26086,5092
884562892145688576,22777,4291
884441805382717440,25397,5200
884247878851493888,68042,18529
884162670584377345,19127,2733
883838122936631299,20488,3134
883482846933004288,42956,9012
883360690899218434,21251,3375
883117836046086144,34781,6056
882992080364220416,22382,3556
882762694511734784,26504,4461
882627270321602560,26241,5543
882268110199369728,42016,10559
882045870035918850,27476,4462
881906580714921986,22812,3103
881666595344535552,47466,9743
881633300179243008,117,7
881536004380872706,46366,14572
881268444196462592,21789,4814
880935762899988482,16013,2548
880872448815771648,19937,3495
880465832366813184,26716,5678
880221127280381952,25273,3804
880095782870896641,25883,3965
879862464715927552,20974,3198
879674319642796034,297,10
879492040517615616,22021,2909
879415818425184262,99197,40559
879376492567855104,15757,2860
879130579576475649,0,6215
879050749262655488,21122,4289
879008229531029506,17827,2451
878776093423087618,18167,3737
878604707211726852,28269,6494
878404777348136964,0,1177
878316110768087041,0,6092
878281511006478336,7262,1177
878057613040115712,39523,6215
877736472329191424,74413,17338
877611172832227328,0,73
877556246731214848,21313,3488
877316821321428993,25731,4768
877201837425926144,25440,5109
876838120628539392,19447,3051
876537666061221889,22212,4298
876484053909872640,17640,2172
876120275196170240,26302,4281
875747767867523072,23645,3909
875144289856114688,20604,4508
875097192612077568,25801,5575
875021211251597312,23978,4332
874680097055178752,26145,4248
874434818259525634,0,13345
874296783580663808,24518,3769
874057562936811520,21371,3657
874012996292530176,32276,9418
873580283840344065,22806,3616
873337748698140672,0,1469
873213775632977920,6744,1469
872967104147763200,25687,4990
872820683541237760,13891,3426
872620804844003328,19525,3355
872486979161796608,38443,8332
872122724285648897,32387,7464
871879754684805121,35482,10141
871762521631449091,19087,3224
871515927908634625,19060,3215
871166179821445120,0,5283
871102520638267392,19782,5105
871032628920680449,21499,3539
870804317367881728,31809,5726
870726314365509632,114,3
870656317836468226,11689,2450
870374049280663552,78552,24537
870308999962521604,20748,3852
870063196459192321,34582,7707
869772420881756160,40297,9393
869702957897576449,26760,5859
869596645499047938,15117,2905
869227993411051520,19351,3513
868880397819494401,62046,13429
868639477480148993,0,1935
868622495443632128,25335,4935
868552278524837888,9568,1935
867900495410671616,22982,3898
867774946302451713,32281,6859
867421006826221569,15288,2324
867072653475098625,0,112
867051520902168576,30644,7359
866720684873056260,19069,4484
866686824827068416,18358,3266
866450705531457537,116341,32946
866334964761202691,49925,13345
866094527597207552,0,7846
865718153858494464,24454,5268
865359393868664832,25243,4696
865006731092295680,26724,7219
864873206498414592,30783,8151
864279568663928832,13913,2838
864197398364647424,28635,8322
863907417377173506,19672,3889
863553081350529029,14587,3937
863471782782697472,0,2288
863432100342583297,22730,4941
863427515083354112,2104,89
863079547188785154,8399,1047
863062471531167744,8089,2288
862831371563274240,18363,4854
862722525377298433,16360,3338
862457590147678208,19569,4651
862096992088072192,71123,21829
861383897657036800,34567,10114
861288531465048066,16466,3910
861005113778896900,16019,3610
860981674716409858,0,2032
860924035999428608,0,759
860563773140209665,7185,2032
860524505164394496,22681,5032
860276583193509888,17641,3324
860184849394610176,16025,5544
860177593139703809,0,29332
859924526012018688,18821,3897
859851578198683649,14834,3334
859607811541651456,17905,1486
859196978902773760,86366,28636
859074603037188101,32535,12962
858860390427611136,0,7716
858843525470990336,15013,3319
858471635011153920,20720,4626
858107933456039936,15185,2770
857989990357356544,15521,2479
857746408056729600,33061,10145
857393404942143489,5684,1572
857263160327368704,19370,4320
857214891891077121,217,17
857062103051644929,0,162
857029823797047296,18215,3811
856543823941562368,15796,2768
856526610513747968,11496,1800
856330835276025856,0,646
856288084350160898,495,15
856282028240666624,26872,6038
855862651834028034,325,25
855860136149123072,4771,938
855857698524602368,11512,2029
855851453814013952,44387,17340
855818117272018944,25888,5223
855459453768019968,28984,7922
855245323840757760,0,5751
855138241867124737,0,43
854732716440526848,22115,5857
854482394044301312,28532,6645
854365224396361728,18394,4534
854120357044912130,31193,7229
854010172552949760,15826,3055
853760880890318849,27890,5564
853639147608842240,33860,9740
853299958564483072,15129,3458
852936405516943360,0,1937
852912242202992640,8829,1764
852672615818899456,14589,2102
852553447878664193,15958,3382
852311364735569921,32496,9689
852226086759018497,19592,6670
852189679701164033,11239,1553
851861385021730816,0,19
851591660324737024,15966,3397
851464819735769094,23824,6894
851224888060895234,20327,5604
850753642995093505,30273,8927
850380195714523136,12883,2554
850333567704068097,3400,322
850145622816686080,16059,3713
850019790995546112,20080,4776
849776966551130114,29980,7441
849668094696017920,0,4861
849412302885593088,15636,3101
849336543269576704,11255,1866
849051919805034497,41743,8329
848690551926992896,24827,4244
848324959059550208,24378,4535
848213670039564288,8069,719
848212111729840128,16111,2989
847978865427394560,0,3208
847971574464610304,0,425
847962785489326080,23216,4997
847842811428974592,5372,1312
847617282490613760,6909,408
847606175596138505,18549,3380
847251039262605312,20265,4253
847157206088847362,19667,5764
847116187444137987,21232,3134
846874817362120707,19883,3877
846514051647705089,44164,11403
846505985330044928,13962,3032
846153765933735936,31307,8924
846139713627017216,30752,9891
846042936437604353,15826,2832
845812042753855489,28956,8593
845677943972139009,24971,4738
845397057150107648,7569,1783
845306882940190720,23135,5329
845098359547420673,0,7571
844979544864018432,13527,2526
844973813909606400,14960,3154
844580511645339650,16359,3096
844223788422217728,13550,2178
843981021012017153,15080,2918
843856843873095681,21328,4579
843604394117681152,16761,2721
843235543001513987,21377,5976
842846295480000512,15200,3613
842765311967449089,6691,1268
842535590457499648,18008,3479
842163532590374912,24324,5751
842115215311396866,13910,3012
841833993020538882,0,14978
841680585030541313,25618,7762
841439858740625411,12599,3667
841320156043304961,19727,5474
841314665196081154,15787,4625
841077006473256960,22797,5283
840761248237133825,0,1758
840728873075638272,0,16055
840698636975636481,174,2
840696689258311684,12250,967
840632337062862849,8973,1758
840370681858686976,16409,4520
840268004936019968,19205,5701
839990271299457024,13386,2268
839549326359670784,27415,7716
839290600511926273,0,143
839239871831150596,27057,6513
838952994649550848,19620,3988
838921590096166913,11135,2059
838916489579200512,0,35
838831947270979586,0,10981
838561493054533637,10932,1334
838476387338051585,22481,4765
838201503651401729,0,10039
838150277551247360,1672,332
838085839343206401,138,1
838083903487373313,17611,3130
837820167694528512,34128,7846
837482249356513284,3849,442
837471256429613056,12806,2275
837110210464448512,16079,2365
836989968035819520,12779,2293
836753516572119041,19327,4640
836677758902222849,12619,2227
836648853927522308,0,555
836397794269200385,0,27515
836380477523124226,14775,2992
836260088725786625,21332,4307
836001077879255040,19104,4267
835685285446955009,0,8138
835574547218894849,17818,3627
835536468978302976,0,1701
835309094223372289,0,20969
835297930240217089,16509,3022
835264098648616962,7753,1701
835246439529840640,2104,73
835172783151792128,26223,5779
835152434251116546,22434,3023
834931633769889797,10824,1649
834786237630337024,21402,5512
834574053763584002,13695,2547
834477809192075265,0,10680
834458053273591808,9638,1689
834209720923721728,20672,4767
834167344700198914,15864,3671
834089966724603904,10080,2147
834086379323871233,13112,2217
833863086058651648,13471,2418
833826103416520705,18098,3790
833732339549220864,0,222
833722901757046785,20874,3232
833479644947025920,14883,2058
833124694597443584,20268,4861
832998151111966721,13302,2214
832769181346996225,0,39
832757312314028032,16920,3643
832682457690300417,11929,2932
832645525019123713,2942,532
832636094638288896,15910,2802
832397543355072512,12009,2230
832369877331693569,17245,3208
832273440279240704,11398,2350
832215909146226688,0,6238
832215726631055365,0,9388
832088576586297345,62,2
832040443403784192,0,9682
832032802820481025,17958,4682
831939777352105988,24109,6168
831926988323639298,337,34
831911600680497154,27756,6543
831670449226514432,10496,1833
831650051525054464,7183,1937
831552930092285952,9013,2326
831322785565769729,9324,1563
831315979191906304,6578,1134
831309418084069378,11817,2481
831262627380748289,11974,2064
830956169170665475,8014,1508
830583320585068544,67232,16891
830173239259324417,0,5718
830097400375152640,9861,2972
829878982036299777,0,5055
829861396166877184,12300,1963
829501995190984704,31944,10680
829449946868879360,10527,2041
829141528400556032,24553,7409
829011960981237760,53435,16426
828801551087042563,0,3444
828770345708580865,25734,5918
828708714936930305,36732,11271
828650029636317184,9576,1361
828409743546925057,6387,1174
828408677031882754,7722,1304
828381636999917570,12663,2230
828376505180889089,7430,1082
828372645993398273,12635,2968
828361771580813312,2213,173
828046555563323392,11825,2895
828011680017821696,10419,2167
827933404142436356,20252,5293
827653905312006145,15611,3040
827600520311402496,7500,952
827324948884643840,15982,3080
827199976799354881,10663,2241
826958653328592898,21736,5055
826848821049180160,36644,10269
826615380357632002,0,4028
826598799820865537,5151,255
826598365270007810,10129,2368
826476773533745153,18546,4233
826240494070030336,13405,2634
826204788643753985,4914,934
826115272272650244,15793,3170
825876512159186944,10562,1894
825829644528148480,12829,2517
825535076884762624,57308,17714
825147591692263424,18485,4592
825120256414846976,0,1277
825026590719483904,6362,1277
824796380199809024,0,5556
824775126675836928,15060,3562
824663926340194305,10612,1790
824325613288833024,11935,10636
824297048279236611,15212,3915
824025158776213504,4869,604
823939628516474880,10719,2738
823719002937630720,0,11341
823699002998870016,14142,2553
823581115634085888,13154,2657
823333489516937216,706,25
823322678127919110,15884,4083
823269594223824897,0,10016
822975315408461824,17481,3496
822872901745569793,132957,43818
822859134160621569,13410,2311
822647212903690241,0,6492
822610361945911296,14965,2997
822489057087389700,18370,6492
822462944365645825,28352,14508
822244816520155136,35339,10016
822163064745328640,0,4843
821886076407029760,11456,2351
821813639212650496,0,3400
821765923262631936,8502,1678
821522889702862852,8129,1790
821421320206483457,0,5674
821407182352777218,11915,4402
821153421864615936,258,10
821149554670182400,8745,2021
821107785811234820,9709,2166
821044531881721856,12808,2314
820837357901512704,0,6836
820749716845686786,31962,10039
820690176645140481,12354,3281
820494788566847489,0,572
820446719150292993,0,2606
820314633777061888,3387,572
820078625395449857,20059,6390
820013781606658049,0,1194
819952236453363712,5401,1194
819924195358416896,13059,4942
819711362133872643,13565,3165
819588359383371776,9757,2019
819347104292290561,7310,1227
819238181065359361,2300,412
819227688460238848,23374,6836
819015337530290176,0,37404
819015331746349057,0,19245
819006400881917954,45862,19245
819004803107983360,88015,37404
818646164899774465,0,21345
818627210458333184,22710,7658
818614493328580609,9980,2609
818588835076603904,0,6255
818536468981415936,11041,2502
818307523543449600,0,8227
818259473185828864,11169,2307
818145370475810820,12463,2614
817908911860748288,4930,818
817827839487737858,52408,27515
817777686764523521,10899,2738
817536400337801217,11942,3020
817502432452313088,0,3450
817423860136083457,34358,14978
817415592588222464,5690,968
817181837579653120,0,8609
817171292965273600,8896,2060
817120970343411712,12384,2646
817056546584727552,8714,1674
816829038950027264,0,4788
816816676327063552,10167,2077
816697700272001025,9944,2236
816450570814898180,30923,8227
816336735214911488,8732,1980
816091915477250048,9062,2182
816062466425819140,0,1041
816014286006976512,0,5376
815990720817401858,5035,1041
815966073409433600,22756,8609
815745968457060357,0,4214
815736392542261248,10006,2309
815639385530101762,8351,1678
815390420867969024,10524,3876
814986499976527872,7767,1300
814638523311648768,11451,2747
814578408554463233,0,5945
814530161257443328,8800,1903
814153002265309185,29242,8846
813944609378369540,0,3244
813910438903693312,9440,1903
813812741911748608,37006,14246
813800681631023104,8453,1801
813217897535406080,18948,7439
813202720496779264,9387,1843
813187593374461952,20214,4453
813172488309972993,9430,1965
813157409116065792,7893,2258
813142292504645637,8611,2432
813130366689148928,4550,456
813127251579564032,12041,3193
813112105746448384,10482,2799
813096984823349248,10744,3690
813081950185472002,10053,2832
813066809284972545,8092,1994
813051746834595840,21344,7513
812781120811126785,7708,1946
812709060537683968,6729,1462
812503143955202048,6188,1245
812466873996607488,8092,1975
812372279581671427,13896,3735
811985624773361665,7389,1432
811744202451197953,7682,1634
811647686436880384,5711,760
811627233043480576,12994,3150
811386762094317568,21306,6512
810984652412424192,5436,1466
810896069567610880,9176,1808
810657578271330305,11170,2707
810284430598270976,35916,11545
810254108431155201,14972,3444
809920764300447744,15802,4028
809808892968534016,0,5004
809448704142938112,7062,1499
809220051211603969,20294,5718
809084759137812480,13482,3607
808838249661788160,10298,3112
808733504066486276,8048,2212
808501579447930884,11513,2664
808344865868283904,43386,21345
808134635716833280,0,6067
808106460588765185,8956,2250
808001312164028416,12752,3608
807621403335917568,14845,3707
807106840509214720,120573,56696
807059379405148160,0,7508
807010152071229440,13322,3948
806629075125202948,76179,35461
806620845233815552,0,5656
806576416489959424,4987,1990
806542213899489280,10415,2404
806242860592926720,0,11898
806219024703037440,6551,1219
805958939288408065,0,5490
805932879469572096,8436,1960
805826884734976000,6691,1869
805823200554876929,0,8215
805520635690676224,5857,1691
805487436403003392,8952,2574
805207613751304193,7974,1755
804738756058218496,13958,3908
804475857670639616,6259,2064
804413760345620481,0,3307
804026241225523202,45336,16535
803773340896923648,10259,2808
803692223237865472,0,7588
803638050916102144,11162,4231
803380650405482500,7923,1903
803321560782307329,0,5445
803276597545603072,10223,2512
802952499103731712,9186,2056
802624713319034886,0,2978
802600418706604034,7232,1504
802572683846291456,9101,2570
802323869084381190,16534,5968
802265048156610565,6893,1407
802239329049477120,9253,2683
802185808107208704,0,279
801958328846974976,7891,1751
801854953262350336,1811,243
801538201127157760,8378,2115
801285448605831168,6175,842
801167903437357056,24955,6067
801127390143516673,0,4039
801115127852503040,8230,2153
800859414831898624,696,98
800855607700029440,0,1645
800751577355128832,10757,2864
800513324630806528,13389,3058
800459316964663297,9683,2224
800443802682937345,0,4424
800388270626521089,11371,2874
800188575492947969,0,4032
800141422401830912,15580,2606
800018252395122689,28904,13477
799774291445383169,0,4803
799757965289017345,8547,2219
799422933579902976,8210,1970
799308762079035393,0,5599
799297110730567681,10086,2829
799063482566066176,8210,2519
798933969379225600,13353,4575
798925684722855936,7635,1475
798705661114773508,0,6797
798701998996647937,0,7969
798697898615730177,0,6658
798694562394996736,0,5079
798686750113755136,0,2388
798682547630837760,0,4824
798673117451325440,0,5672
798665375516884993,0,4002
798644042770751489,0,1896
798628517273620480,0,2021
798585098161549313,0,5852
798576900688019456,0,5985
798340744599797760,0,3425
798209839306514432,10628,2617
797971864723324932,11842,3180
797545162159308800,14828,4986
797236660651966464,20334,6743
797165961484890113,227,26
796904159865868288,0,9132
796865951799083009,7829,1957
796759840936919040,12074,3113
796563435802726400,0,7440
796484825502875648,7720,1802
796387464403357696,11214,4247
796177847564038144,0,14621
796149749086875649,32894,14621
796125600683540480,5060,1853
796116448414461957,9282,2474
796080075804475393,8630,2365
796031486298386433,11020,3798
795464331001561088,50635,24204
795400264262053889,10256,2946
795076730285391872,16514,5556
794983741416415232,0,3453
794926597468000259,10448,2364
794355576146903043,0,10551
794332329137291264,9757,2737
794205286408003585,9400,3394
793962221541933056,17157,5004
793845145112371200,9402,1914
793614319594401792,0,3211
793601777308463104,8131,1668
793500921481273345,10879,2431
793286476301799424,25085,9388
793271401113350145,8865,2449
793256262322548741,20358,8536
793241302385262592,10719,3373
793226087023144960,10030,2937
793210959003287553,9094,2865
793195938047070209,15581,5762
793180763617361921,7071,2050
793165685325201412,9590,2853
793150605191548928,6301,1742
793135492858580992,6550,2554
793120401413079041,12916,4010
792913359805018113,14612,4070
792883833364439040,11528,4367
792773781206999040,7487,1715
792394556390137856,13710,4396
792050063153438720,7292,1843
791821351946420224,0,21582
791784077045166082,0,9816
791780927877898241,0,3909
791774931465953280,46003,22713
791672322847637504,11971,3211
791406955684368384,13379,4214
791312159183634433,8948,2596
791026214425268224,0,4195
790987426131050500,10020,2182
790946055508652032,16962,4788
790723298204217344,0,2363
790698755171364864,8381,1971
790581949425475584,21043,7326
790337589677002753,7985,1921
790277117346975746,12795,3244
790227638568808452,0,3651
789986466051088384,9438,2363
789960241177853952,0,4211
789903600034189313,10553,4223
789628658055020548,7643,1810
789599242079838210,6891,1970
789530877013393408,11960,3453
789314372632018944,8811,2346
789280767834746880,0,5054
789268448748703744,9277,2660
789137962068021249,9901,2862
788908386943430656,27939,12745
788765914992902144,27864,10551
788552643979468800,0,7338
788412144018661376,15830,5390
788178268662984705,7355,2140
788150585577050112,6228,1312
788070120937619456,0,3501
788039637453406209,6240,1349
787810552592695296,8799,3115
787717603741622272,10440,2844
787397959788929025,11070,2902
787322443945877504,7926,1777
787111942498508800,0,6888
786963064373534720,27102,8138
786729988674449408,0,2470
786709082849828864,18576,6238
786664955043049472,10790,2611
786595970293370880,9592,3178
786363235746385920,11081,3586
786286427768250368,8109,2904
786233965241827333,15521,4843
786051337297522688,1451,159
786036967502913536,0,7165
785927819176054784,11592,3248
785872687017132033,6802,1856
785639753186217984,7977,2281
785533386513321988,9264,2034
785515384317313025,6211,1284
785264754247995392,7377,1676
785170936622350336,12244,4931
784826020293709826,10287,3307
784517518371221505,9120,2587
784431430411685888,5791,1293
784183165795655680,20431,8215
784057939640352768,30248,11340
783839966405230592,30526,10981
783821107061198850,7471,2007
783695101801398276,10635,3278
783466772167098368,8586,2289
783391753726550016,17149,5586
783347506784731136,0,5652
783334639985389568,29626,11898
783085703974514689,8287,2239
782969140009107456,24497,7508
782747134529531904,7593,1438
782722598790725632,17552,5490
782598640137187329,7919,1907
782305867769217024,16899,5674
782021823840026624,0,6320
781955203444699136,11287,3433
781661882474196992,10587,2769
781655249211752448,4050,1145
781524693396357120,21045,5656
781308096455073793,7241,2591
781251288990355457,8558,2116
781163403222056960,9958,2784
780931614150983680,21959,7440
780858289093574656,7294,2045
780800785462489090,5575,1324
780601303617732608,12285,3400
780543529827336192,6401,1769
780496263422808064,0,3763
780476555013349377,0,115
780459368902959104,5372,1095
780192070812196864,8828,2281
780092040432480260,0,2336
780074436359819264,12354,5058
779834332596887552,19168,7165
779377524342161408,8922,3160
779124354206535695,0,18619
779056095788752897,14964,4600
778990705243029504,20243,7329
778774459159379968,0,10055
778764940568104960,879,366
778748913645780993,6974,1335
778650543019483137,5847,1528
778624900596654080,4701,1024
778408200802557953,13798,4399
778396591732486144,0,12432
778383385161035776,5916,1120
778286810187399168,10520,3350
778039087836069888,8612,2687
778027034220126208,6639,1641
777953400541634568,0,3576
777885040357281792,6430,1651
777684233540206592,11372,2978
777641927919427584,0,4296
777621514455814149,8851,2534
777189768882946048,14443,4364
776819012571455488,0,13895
776813020089548800,4934,1231
776477788987613185,8929,2824
776249906839351296,0,9271
776218204058357768,30270,16084
776201521193218049,9738,2545
776113305656188928,11912,4424
776088319444877312,1860,153
775898661951791106,0,16763
775842724423557120,11865,2694
775733305207554048,14026,4039
775729183532220416,13140,4658
775364825476165632,7476,3010
775350846108426240,10284,3957
775085132600442880,15735,4803
774757898236878852,8703,1811
774639387460112384,6813,1755
774314403806253056,22013,5599
773985732834758656,10857,3924
773922284943896577,6462,1770
773704687002451968,6682,1649
773670353721753600,5404,1330
773547596996571136,22350,6255
773336787167145985,0,5153
773308824254029826,23572,7571
773247561583001600,9561,3287
773191612633579521,10096,4200
772877495989305348,8672,3930
772826264096874500,8160,2380
772615324260794368,0,3425
772581559778025472,6572,1718
772193107915964416,6109,1410
772152991789019136,3839,1145
772117678702071809,3815,750
772114945936949249,2755,473
772102971039580160,4039,950
771908950375665664,6649,1929
771770456517009408,12134,3425
771500966810099713,8337,2639
771380798096281600,10591,5153
771171053431250945,0,7563
771136648247640064,9235,2967
771102124360998913,6299,1458
771014301343748096,6946,1678
770787852854652928,4972,1215
770772759874076672,5226,1430
770655142660169732,7405,1787
770414278348247044,6382,2125
770293558247038976,6297,1500
770093767776997377,0,3093
770069151037685760,7675,2321
769940425801170949,31668,9682
769695466921623552,6469,1696
769335591808995329,0,7813
769212283578875904,5447,1744
768970937022709760,14496,6588
768909767477751808,0,2704
768855141948723200,4237,899
768609597686943744,4165,1217
768596291618299904,5084,1293
768554158521745409,0,5903
768473857036525572,13739,3475
768193404517830656,10963,3576
767884188863397888,4788,1397
767754930266464257,16142,5445
767500508068192258,7556,2365
767191397493538821,12394,3803
767122157629476866,10250,2889
766864461642756096,0,5691
766793450729734144,5111,1367
766714921925144576,2633,382
766693177336135680,4046,803
766423258543644672,6041,1606
766313316352462849,6851,1911
766078092750233600,0,2656
766069199026450432,4260,861
766008592277377025,3772,503
765719909049503744,7290,2169
765669560888528897,5223,1237
765395769549590528,26803,3411
765371061932261376,7117,2189
765222098633691136,11712,3425
764857477905154048,6495,1790
764259802650378240,6064,1515
763956972077010945,762,55
763837565564780549,12689,4195
763183847194451968,5423,1484
763167063695355904,0,3047
763103485927849985,7411,2312
762699858130116608,12225,3651
762471784394268675,11299,6467
762464539388485633,10363,4211
762316489655476224,4825,1131
762035686371364864,32094,15671
761976711479193600,5444,2026
761750502866649088,0,3958
761745352076779520,4299,871
761672994376806400,49803,29332
761599872357261312,4150,1197
761371037149827077,0,18200
761334018830917632,5220,1463
761292947749015552,4512,1092
761227390836215808,5350,1578
761004547850530816,11392,3501
760893934457552897,3840,986
760656994973933572,6617,1927
760641137271070720,5006,1310
760539183865880579,7606,3651
760521673607086080,4246,1394
760290219849637889,26974,11584
760252756032651264,3962,872
760190180481531904,5731,1818
760153949710192640,0,31
759943073749200896,5978,2091
759923798737051648,14744,5691
759846353224826880,6768,1990
759793422261743616,5990,1929
759557299618865152,4722,1196
759447681597108224,8533,2470
759446261539934208,1682,494
759197388317847553,6102,1959
759159934323924993,0,1162
759099523532779520,14596,4197
759047813560868866,6527,2032
758854675097526272,3569,903
758828659922702336,11276,3861
758740312047005698,5768,1620
758474966123810816,3827,1008
758467244762497024,4821,2231
758405701903519748,5230,1922
758355060040593408,3420,1084
758099635764359168,19159,10055
758041019896193024,2709,377
757741869644341248,6912,3270
757729163776290825,0,7990
757725642876129280,4560,1221
757611664640446465,4585,1114
757597904299253760,0,301
757596066325864448,4359,1067
757400162377592832,15229,6896
757393109802180609,5840,1747
757354760399941633,4537,1431
756998049151549440,6319,1999
756939218950160384,6677,2020
756651752796094464,5083,1310
756526248105566208,10452,3608
756303284449767430,3953,1100
756288534030475264,44153,17818
756275833623502848,6442,1539
755955933503782912,7356,2899
755206590534418437,16506,5394
755110668769038337,21286,11152
754874841593970688,0,7949
754856583969079297,6922,2537
754747087846248448,2595,525
754482103782404096,5316,1965
754449512966619136,3767,736
754120377874386944,7918,2365
753655901052166144,5862,2178
753420520834629632,7947,3585
753398408988139520,5780,1914
753375668877008896,7679,2336
753298634498793472,0,5725
753294487569522689,3382,1049
753039830821511168,37239,20969
753026973505581056,3928,972
752932432744185856,12667,6888
752917284578922496,6944,1586
752701944171524096,0,2885
752682090207055872,6018,1600
752660715232722944,4382,1564
752568224206688256,5524,2293
752519690950500352,7392,3449
752334515931054080,3825,1098
752309394570878976,0,16299
752173152931807232,5981,1845
751950017322246144,3063,921
751937170840121344,5206,1338
751830394383790080,5825,1954
751793661361422336,5845,2909
751598357617971201,7947,3050
751583847268179968,4408,1106
751538714308972544,5047,1267
751456908746354688,3219,1006
751251247299190784,12556,5902
751205363882532864,6340,1823
751132876104687617,5089,1297
750868782890057730,4797,1370
750719632563142656,13205,5054
750506206503038976,4451,1147
750429297815552001,13199,4296
750383411068534784,4575,1155
750381685133418496,697,27
750147208377409536,3112,962
750132105863102464,3619,1295
750117059602808832,4342,1318
750101899009982464,3045,849
750086836815486976,2168,536
750071704093859840,7847,3347
750056684286914561,3163,899
750041628174217216,3186,621
750026558547456000,2725,792
750011400160841729,3248,907
749996283729883136,3073,820
749981277374128128,5124,2475
749774190421639168,4665,1315
749417653287129088,6118,1643
749403093750648834,2624,535
749395845976588288,8573,3438
749317047558017024,5512,2240
749075273010798592,5761,2075
749064354620928000,4811,1525
749036806121881602,3096,795
748977405889503236,10772,3403
748932637671223296,5821,2258
748705597323898880,2786,949
748699167502000129,4754,1592
748692773788876800,4254,1334
748575535303884801,6082,1973
748568946752774144,2196,668
748346686624440324,5219,1227
748337862848962560,7649,4108
748324050481647620,3680,759
748307329658011649,3675,711
748220828303695873,14150,7805
747963614829678593,5777,2145
747933425676525569,6595,2544
747885874273214464,2941,977
747844099428986880,2821,750
747816857231626240,4850,1162
747651430853525504,1390,155
747648653817413632,12897,5854
747600769478692864,2326,556
747594051852075008,3676,1057
747512671126323200,5542,1610
747461612269887489,3866,1042
747439450712596480,5416,1915
747242308580548608,0,2900
747219827526344708,5266,1570
747204161125646336,3376,923
747103485104099331,9567,3959
746906459439529985,2895,297
746872823977771008,5983,2131
746818907684614144,5315,1741
746790600704425984,4868,1602
746757706116112384,9576,3909
746726898085036033,6047,1797
746542875601690625,5030,1876
746521445350707200,0,983
746507379341139972,4651,1082
746369468511756288,6172,1627
746131877086527488,6901,2203
746056683365994496,3542,809
745789745784041472,4013,1064
745712589599014916,6994,2326
745433870967832576,7067,2534
745422732645535745,8561,2436
745314880350101504,7166,2747
745074613265149952,7825,3497
745057283344719872,7243,2259
744995568523612160,2961,618
744971049620602880,7865,2681
744709971296780288,5601,1560
744334592493166593,6763,2114
744234799360020481,156164,77780
744223424764059648,1660,366
743980027717509120,4164,1092
743895849529389061,3634,960
743835915802583040,0,2071
743609206067040256,4470,1382
743595368194129920,18342,6523
743545585370791937,3524,940
743510151680958465,7909,3719
743253157753532416,4221,1222
743222593470234624,6199,1902
743210557239623680,3828,1361
742534281772302336,7045,3567
742528092657332225,4404,1976
742465774154047488,7242,3894
742423170473463808,9791,3763
742385895052087300,6793,1966
742161199639494656,4330,1368
742150209887731712,5115,1541
741793263812808706,4531,1507
741743634094141440,8150,2745
741438259667034112,3671,830
741303864243200000,8757,3196
741099773336379392,9961,5496
741067306818797568,9477,3093
740995100998766593,6341,2733
740711788199743490,3386,933
740699697422163968,2839,781
740676976021798912,18101,6797
740373189193256964,34854,13277
740365076218183684,2446,431
740359016048689152,3288,864
740214038584557568,6663,1958
739979191639244800,19898,5903
739932936087216128,4041,1070
739844404073074688,3792,852
739623569819336705,3751,1346
739606147276148736,5362,1647
739544079319588864,39359,21166
739485634323156992,7124,2918
739238157791694849,115308,57677
738891149612572673,111,6
738885046782832640,3759,1137
738883359779196928,3287,789
738537504001953792,5058,1538
738402415918125056,3231,833
738184450748633089,4296,1203
738166403467907072,8735,3341
738156290900254721,2498,637
737826014890496000,5252,1760
737800304142471168,9939,3444
737678689543020544,5012,1314
737445876994609152,10202,4437
737322739594330112,3578,810
737310737551491075,14583,7380
736736130620620800,4235,1719
736392552031657984,17590,7338
736365877722001409,3954,1237
736225175608430592,8081,2767
736010884653420544,7858,2981
735991953473572864,3573,1145
735648611367784448,4012,1095
735635087207878657,6123,2332
735274964362878976,12942,5010
735256018284875776,3310,877
735137028879360001,3118,965
734912297295085568,2733,524
734787690684657664,12455,6248
734776360183431168,2488,541
734559631394082816,1473,393
733828123016450049,3555,778
733822306246479872,3655,1018
733482008106668032,3122,948
733460102733135873,4175,1273
733109485275860992,49919,16763
732732193018155009,2423,532
732726085725589504,3525,882
732585889486888962,3640,774
732375214819057664,8033,2499
732005617171337216,14797,5376
731285275100512256,3466,985
731156023742988288,3819,1257
730924654643314689,6098,1959
730573383004487680,4869,2119
730427201120833536,3463,1044
730211855403241472,3788,1053
730196704625098752,4809,1890
729854734790754305,4004,1117
729838605770891264,1715,380
729823566028484608,3948,1238
729463711119904772,5760,2300
729113531270991872,1864,322
728986383096946689,3120,818
728760639972315136,4647,1692
728751179681943552,2745,675
728653952833728512,3282,1026
728409960103686147,4883,1989
728387165835677696,3665,956
728046963732717569,4268,1192
728035342121635841,4532,1653
728015554473250816,4080,1099
727685679342333952,2936,636
727644517743104000,5841,1737
727524757080539137,4441,1211
727314416056803329,3312,737
727286334147182592,3024,807
727175381690781696,3878,1373
727155742655025152,3593,1323
726935089318363137,6827,2440
726887082820554753,3812,1512
726828223124897792,3539,994
726224900189511680,4391,1138
725842289046749185,7032,2656
725786712245440512,4138,1359
725729321944506368,5171,1771
725458796924002305,1398,611
724983749226668032,3698,1304
724771698126512129,2328,634
724405726123311104,5235,1635
724049859469295616,4283,1762
724046343203856385,2639,552
724004602748780546,4148,1541
723912936180330496,3857,1227
723688335806480385,7610,2917
723673163800948736,2985,881
723179728551723008,5260,1851
722974582966214656,4066,1546
722613351520608256,4926,1626
721503162398597120,4583,1835
721001180231503872,2505,606
720785406564900865,3085,760
720775346191278080,2439,658
720415127506415616,4093,1488
720389942216527872,6325,2484
720340705894408192,2845,969
720059472081784833,3835,1110
720043174954147842,4867,1988
719991154352222208,4794,1728
719704490224398336,4502,1415
719551379208073216,5010,1891
719367763014393856,2777,737
719339463458033665,4386,1221
719332531645071360,3401,943
718971898235854848,3459,1068
718939241951195136,5208,1747
718631497683582976,18702,7969
718613305783398402,2413,477
718540630683709445,2433,1007
718460005985447936,2674,521
718454725339934721,4827,1496
718246886998687744,1896,499
718234618122661888,3840,988
717841801130979328,2443,600
717790033953034240,2856,1103
717537687239008257,5741,1842
717428917016076293,1601,446
717421804990701568,3133,840
717047459982213120,6248,1917
717009362452090881,3227,956
716802964044845056,4250,1161
716791146589110272,8084,1562
716730379797970944,1221,423
716447146686459905,12961,5809
716439118184652801,2360,207
716285507865542656,2745,1049
716080869887381504,6692,1887
715928423106027520,3169,874
715758151270801409,3688,1424
715733265223708672,4622,1674
715704790270025728,2771,562
715696743237730304,3880,1280
715680795826982913,4269,1603
715360349751484417,5432,1551
715342466308784130,3016,687
715220193576927233,2407,642
715200624753819648,5096,1871
715009755312439296,4126,1218
714982300363173890,3703,1024
714962719905021952,7296,4231
714957620017307648,4095,1400
714631576617938945,3254,990
714606013974974464,3604,922
714485234495041536,2663,1118
714258258790387713,3010,714
714251586676113411,3255,830
714214115368108032,2258,865
714141408463036416,4282,1384
713919462244790272,3268,782
713909862279876608,1885,532
713900603437621249,2809,737
713761197720473600,4829,1367
713411074226274305,4409,1287
713177543487135744,7169,2813
713175907180089344,4425,1464
712809025985978368,18411,6658
712717840512598017,12250,4937
712668654853337088,4148,1205
712438159032893441,5292,1550
712309440758808576,242,25
712097430750289920,3757,1021
712092745624633345,2918,883
712085617388212225,3248,481
712065007010385924,2248,614
711998809858043904,0,125
711968124745228288,8013,2284
711743778164514816,2817,976
711732680602345472,8781,4085
711694788429553666,32646,18200
711652651650457602,3819,907
711363825979756544,3622,1130
711306686208872448,3276,732
711008018775851008,2978,608
710997087345876993,4531,1375
710844581445812225,2525,683
710833117892898816,2663,530
710658690886586372,2300,554
710609963652087808,4757,2366
710588934686908417,4502,1852
710296729921429505,2354,731
710283270106132480,2135,517
710272297844797440,4504,1240
710269109699739648,2376,1114
710153181850935296,2889,880
710140971284037632,2737,874
710117014656950272,5447,1978
709918798883774466,3455,1077
709901256215666688,663,99
709852847387627521,3499,1192
709566166965075968,3527,1201
709556954897764353,3274,1065
709519240576036864,1482,236
709449600415961088,2207,564
709409458133323776,2603,677
709225125749587968,2392,569
709207347839836162,12453,5762
709198395643068416,2411,638
709179584944730112,1985,664
709158332880297985,2018,411
709042156699303936,4709,1616
708853462201716736,1785,654
708845821941387268,2964,895
708834316713893888,1670,495
708810915978854401,16369,6879
708738143638450176,2725,801
708711088997666817,2519,715
708479650088034305,2524,677
708469915515297792,3075,806
708400866336894977,15884,10004
708356463048204288,3559,1311
708349470027751425,2330,732
708149363256774660,4246,1542
708130923141795840,3358,848
708119489313951744,2670,975
708109389455101952,1930,546
708026248782585858,4355,1919
707995814724026368,3103,1117
707983188426153984,49,2
707969809498152960,2684,958
707776935007539200,3260,950
707741517457260545,2469,611
707738799544082433,4049,2443
707693576495472641,3381,986
707629649552134146,2554,872
707610948723478529,16868,6320
707420581654872064,2258,695
707411934438625280,2288,595
707387676719185920,3480,1281
707377100785885184,3259,1088
707315916783140866,2456,634
707297311098011648,2756,780
707059547140169728,2582,666
707038192327901184,2167,784
707021089608753152,4050,1348
707014260413456384,2299,594
706904523814649856,14486,7813
706901761596989440,2044,590
706681918348251136,3278,966
706644897839910912,2550,1083
706593038911545345,2140,629
706538006853918722,3454,1419
706516534877929472,3086,1026
706346369204748288,3431,920
706310011488698368,21199,7875
706291001778950144,1683,474
706265994973601792,2714,929
706169069255446529,3887,2198
706166467411222528,5140,1588
706153300320784384,1475,383
705975130514706432,3085,728
705970349788291072,3148,887
705898680587526145,2346,547
705786532653883392,1924,514
705591895322394625,3144,1148
705475953783398401,2939,907
705442520700944385,4406,1619
705428427625635840,3794,1673
705239209544720384,2988,745
705223444686888960,2572,796
705102439679201280,2129,516
705066031337840642,2173,615
704871453724954624,4247,1109
704859558691414016,2244,537
704847917308362754,5040,1518
704819833553219584,2621,983
704761120771465216,6600,2900
704499785726889984,2902,1008
704491224099647488,751,78
704480331685040129,3367,1061
704364645503647744,7954,3530
704347321748819968,1569,349
704134088924532736,1494,456
704113298707505153,1838,569
704054845121142784,2908,910
703774238772166656,1831,458
703769065844768768,3262,1136
703631701117943808,2565,677
703611486317502464,3828,1524
703425003149250560,3791,1360
703407252292673536,2430,691
703382836347330562,3493,1143
703356393781329922,1910,383
703268521220972544,1963,547
703079050210877440,7351,3067
703041949650034688,26225,12432
702932127499816960,2566,726
702899151802126337,1604,451
702684942141153280,3207,1073
702671118226825216,2184,553
702598099714314240,12173,3418
702539513671897089,2864,957
702332542343577600,3164,1542
702321140488925184,3255,1035
702276748847800320,2452,762
702217446468493312,4755,1328
701981390485725185,3436,990
701952816642965504,3823,1021
701889187134500865,3523,1379
701805642395348998,3389,1667
701601587219795968,2079,448
701570477911896070,2801,921
701545186879471618,2654,607
701214700881756160,12143,5079
700890391244103680,2205,564
700864154249383937,2582,618
700847567345688576,2448,501
700796979434098688,2427,936
700747788515020802,22721,9271
700518061187723268,2599,794
700505138482569216,2274,565
700462010979500032,4114,1778
700167517596164096,2619,730
700151421916807169,2227,669
700143752053182464,7490,2704
700062718104104960,2640,688
700029284593901568,2060,585
700002074055016451,3303,1336
699801817392291840,3048,952
699788877217865730,2222,508
699779630832685056,2731,1227
699775878809702401,1953,603
699691744225525762,10223,4596
699446877801091073,5923,2602
699434518667751424,2155,515
699423671849451520,1358,324
699413908797464576,2068,624
699370870310113280,1881,441
699323444782047232,3136,857
699088579889332224,2232,631
699079609774645248,2443,652
699072405256409088,2962,1188
699060279947165696,3735,1794
699036661657767936,2588,1192
698989035503689728,3330,971
698953797952008193,2668,895
698907974262222848,2530,622
698710712454139905,2456,676
698703483621523456,1440,376
698635131305795584,1286,337
698549713696649216,2321,622
698355670425473025,1844,446
698342080612007937,2259,949
698262614669991936,4728,1993
698195409219559425,16665,5945
698178924120031232,2793,737
697995514407682048,1511,330
697990423684476929,3271,1292
697943111201378304,2374,675
697881462549430272,2999,1174
697630435728322560,1735,538
697616773278015490,3149,1007
697596423848730625,3004,1262
697575480820686848,2027,497
697516214579523584,2044,1109
697482927769255936,2399,671
697463031882764288,3401,1391
697270446429966336,4672,1867
697259378236399616,3281,1000
697255105972801536,3018,1158
697242256848379904,2499,668
696900204696625153,3159,1017
696894894812565505,2334,675
696886256886657024,4831,1797
696877980375769088,2421,707
696754882863349760,1478,360
696744641916489729,2052,936
696713835009417216,2360,651
696518437233913856,3894,1703
696490539101908992,1209,141
696488710901260288,2517,1015
696405997980676096,3192,1150
696100768806522880,1922,650
695816827381944320,2999,1161
695794761660297217,3145,760
695767669421768709,1853,743
695629776980148225,4542,2087
695446424020918272,4379,1799
695409464418041856,8625,3562
695314793360662529,3606,1446
695095422348574720,2618,611
695074328191332352,2828,1093
695064344191721472,1592,587
695051054296211456,2651,785
694925794720792577,2677,914
694905863685980160,2735,936
694669722378485760,35664,14312
694356675654983680,1491,285
694352839993344000,2026,613
694342028726001664,1567,481
694329668942569472,1996,498
694206574471057408,4136,2026
694183373896572928,2937,922
694001791655137281,3392,1021
693993230313091072,1863,399
693942351086120961,1735,369
693647888581312512,2674,580
693644216740769793,1344,122
693642232151285760,2523,409
693629975228977152,2432,788
693622659251335168,1530,372
693590843962331137,5041,1946
693582294167244802,1641,251
693486665285931008,1766,633
693280720173801472,3332,1230
693267061318012928,2360,808
693262851218264065,2202,498
693231807727280129,2859,732
693155686491000832,7842,3197
693109034023534592,1705,608
693095443459342336,1847,460
692919143163629568,2661,752
692905862751522816,2413,862
692901601640583168,1759,598
692894228850999298,2259,802
692828166163931137,2858,880
692752401762250755,6795,3628
692568918515392513,4345,1527
692535307825213440,3163,1355
692530551048294401,1821,411
692423280028966913,1475,225
692417313023332352,9319,3450
692187005137076224,2521,817
692158366030913536,2137,785
692142790915014657,1639,392
692041934689402880,3385,1266
692017291282812928,2874,955
691820333922455552,3936,1655
691793053716221953,8094,4209
691756958957883396,2844,998
691675652215414786,1942,504
691483041324204033,2379,562
691459709405118465,4025,1136
691444869282295808,2640,844
691416866452082688,19239,7588
691321916024623104,2552,660
691096613310316544,2948,874
691090071332753408,1710,331
690989312272396288,5873,2854
690959652130045952,3565,1240
690938899477221376,4068,1952
690932576555528194,3274,1013
690735892932222976,3773,1264
690728923253055490,2170,514
690690673629138944,2329,812
690649993829576704,1298,278
690607260360429569,295,18
690597161306841088,1944,599
690400367696297985,1878,450
690374419777196032,3238,843
690360449368465409,2662,876
690348396616552449,1499,515
690248561355657216,1665,415
690021994562220032,2779,1026
690015576308211712,2477,729
690005060500217858,3651,1683
689999384604450816,1413,368
689993469801164801,1454,448
689977555533848577,1363,444
689905486972461056,2428,697
689877686181715968,3027,1157
689835978131935233,2163,742
689661964914655233,3203,925
689659372465688576,10332,3856
689623661272240129,2222,638
689599056876867584,11603,5498
689557536375177216,2034,455
689517482558820352,3380,1423
689289219123089408,2250,937
689283819090870273,3255,1100
689280876073582592,1976,706
689275259254616065,1139,243
689255633275777024,2538,1079
689154315265683456,3063,999
689143371370250240,2007,506
688916208532455424,2710,864
688908934925697024,2102,761
688898160958271489,2089,777
688894073864884227,2234,690
688828561667567616,1372,369
688804835492233216,959,191
688789766343622656,2203,658
688547210804498433,2584,696
688519176466644993,2305,722
688385280030670848,9254,4461
688211956440801280,2234,825
688179443353796608,2131,580
688116655151435777,2817,770
688064179421470721,1724,358
687841446767013888,5441,2499
687826841265172480,2740,1115
687818504314159109,2466,939
687807801670897665,2392,713
687732144991551489,1752,663
687704180304273409,2419,838
687664829264453632,1925,510
687494652870668288,1891,576
687480748861947905,1592,239
687476254459715584,1981,532
687460506001633280,2052,540
687399393394311168,1879,615
687317306314240000,20075,9132
687312378585812992,4340,1894
687127927494963200,5414,2261
687124485711986689,2158,501
687109925361856513,5774,2447
687102708889812993,2338,973
687096057537363968,2237,599
686947101016735744,8599,3178
686760001961103360,3500,1375
686749460672679938,3460,1447
686730991906516992,4121,1193
686683045143953408,2809,796
686618349602762752,3696,1358
686606069955735556,1880,541
686394059078897668,1732,685
686386521809772549,3243,874
686377065986265092,2200,563
686358356425093120,2173,664
686286779679375361,3989,1655
686050296934563840,2208,726
686035780142297088,1142,116
686034024800862208,3080,1140
686007916130873345,2477,409
686003207160610816,1824,623
685973236358713344,2090,521
685943807276412928,1622,590
685906723014619143,7476,2873
685681090388975616,2026,124
685667379192414208,2349,561
685663452032069632,3225,1452
685641971164143616,2921,774
685547936038666240,32806,15562
685532292383666176,3019,1155
685325112850124800,9426,3958
685321586178670592,2646,634
685315239903100929,3309,1039
685307451701334016,2066,440
685268753634967552,3087,1193
685198997565345792,2336,667
685169283572338688,4093,1425
684969860808454144,2383,367
684959798585110529,6809,3108
684940049151070208,3198,1041
684926975086034944,3483,457
684914660081053696,3501,1440
684902183876321280,1871,525
684880619965411328,2081,804
684830982659280897,34887,21582
684800227459624960,2728,998
684594889858887680,8865,3485
684588130326986752,4102,1405
684567543613382656,3013,1208
684538444857667585,2637,949
684481074559381504,3874,1163
684460069371654144,1969,557
684241637099323392,8111,3263
684225744407494656,1224,207
684222868335505415,3809,1363
684200372118904832,2146,1028
684195085588783105,1904,510
684188786104872960,3480,1165
684177701129875456,2004,658
684147889187209216,2973,1508
684122891630342144,2004,465
684097758874210310,4098,1425
683857920510050305,3792,1117
683852578183077888,1928,343
683849932751646720,2597,960
683834909291606017,2609,1107
683828599284170753,2783,1059
683773439333797890,3335,1342
683742671509258241,6447,3285
683515932363329536,7305,2885
683498322573824003,3164,960
683481228088049664,2641,993
683462770029932544,2415,670
683449695444799489,3879,1601
683391852557561860,7593,2388
683357973142474752,2896,911
683142553609318400,2855,1040
683111407806746624,3384,907
683098815881154561,2152,654
683078886620553216,1980,560
683030066213818368,2159,734
682962037429899265,36665,16483
682808988178739200,1775,167
682788441537560576,2473,1103
682750546109968385,1512,436
682697186228989953,1310,356
682662431982772225,3053,1076
682638830361513985,2062,596
682429480204398592,3421,1150
682406705142087680,7531,1760
682393905736888321,2221,669
682389078323662849,1650,459
682303737705140231,3041,966
682259524040966145,4125,1200
682242692827447297,3235,1156
682088079302213632,18145,9816
682059653698686977,4921,1671
682047327939461121,3184,927
682032003584274432,6537,1990
682003177596559360,3110,1520
681981167097122816,2796,1023
681891461017812993,2463,814
681694085539872773,12725,4032
681679526984871937,1765,437
681654059175129088,2626,917
681610798867845120,1896,461
681579835668455424,3534,1288
681523177663676416,14222,5725
681340665377193984,1638,275
681339448655802368,9237,4060
681320187870711809,2634,738
681302363064414209,3912,1803
681297372102656000,3200,945
681281657291280384,3208,1091
681261549936340994,1450,266
681242418453299201,1482,525
681231109724700672,2399,480
681193455364796417,3679,1469
680970795137544192,2411,652
680959110691590145,4557,1991
680940246314430465,3187,1046
680934982542561280,2072,432
680913438424612864,2385,619
680889648562991104,1757,360
680836378243002368,3444,1309
680805554198020098,2147,660
680801747103793152,2366,813
680798457301471234,2833,1025
680609293079592961,2624,694
680583894916304897,3605,1324
680497766108381184,4205,1899
680494726643068929,1709,480
680473011644985345,2534,738
680440374763077632,1436,497
680221482581123072,1457,291
680206703334408192,2818,1155
680191257256136705,2129,497
680176173301628928,3866,1538
680161097740095489,2310,728
680145970311643136,3584,1722
680130881361686529,2273,935
680115823365742593,2701,899
680100725817409536,3546,1362
680085611152338944,12731,8925
680070545539371008,2563,858
679877062409191424,1983,643
679872969355714560,2174,654
679862121895714818,2440,614
679854723806179328,2831,1220
679844490799091713,2349,753
679828447187857408,35979,13895
679777920601223168,3073,1094
679736210798047232,2081,781
679729593985699840,2151,816
679722016581222400,1652,461
679530280114372609,4761,2065
679527802031484928,2624,715
679511351870550016,3338,1251
679503373272485890,3140,1450
679475951516934144,2076,632
679462823135686656,31327,18619
679405845277462528,2351,1193
679158373988876288,21090,7949
679148763231985668,2755,1016
679132435750195208,2944,1143
679111216690831360,5905,2550
679062614270468097,16782,7990
679047485189439488,2225,658
679001094530465792,2793,1208
678991772295516161,2274,1142
678969228704284672,1632,452
678800283649069056,2543,888
678798276842360832,3418,1148
678774928607469569,2783,891
678767140346941444,3480,1340
678764513869611008,1619,468
678755239630127104,7031,3231
678740035362037760,3714,1657
678708137298427904,5528,2391
678675843183484930,2828,1439
678643457146150913,2029,401
678446151570427904,3949,1520
678424312106393600,5410,2504
678410210315247616,4164,1777
678399652199309312,78282,31324
678396796259975168,1574,408
678389028614488064,1853,418
678380236862578688,2403,898
678341075375947776,1708,529
678334497360859136,1291,249
678278586130948096,11278,5998
678255464182861824,1573,358
678023323247357953,1888,375
678021115718029313,13470,6228
677961670166224897,3375,1659
677918531514703872,1325,397
677895101218201600,4764,2035
677716515794329600,3013,965
677700003327029250,3338,1418
677698403548192770,1211,314
677687604918272002,2456,836
677673981332312066,3280,1476
677662372920729601,1927,940
677644091929329666,1829,784
677573743309385728,2099,690
677565715327688705,1281,454
677557565589463040,2407,1128
677547928504967168,6835,3606
677530072887205888,1049,223
677335745548390400,2992,1745
677334615166730240,1322,280
677331501395156992,1070,232
677328882937298944,3580,1476
677314812125323265,1618,521
677301033169788928,1215,394
677269281705472000,1952,694
677228873407442944,3491,1611
677187300187611136,2697,904
676975532580409345,2728,1047
676957860086095872,2202,798
676949632774234114,1282,388
676948236477857792,2134,847
676946864479084545,1702,362
676942428000112642,2038,736
676936541936185344,12495,4824
676916996760600576,2930,1776
676897532954456065,2209,708
676864501615042560,2060,695
676821958043033607,22525,15265
676819651066732545,1785,650
676811746707918848,1395,415
676776431406465024,4905,1982
676617503762681856,2834,942
676613908052996102,1061,197
676606785097199616,1856,425
676603393314578432,1138,375
676593408224403456,4482,2118
676590572941893632,896,119
676588346097852417,2267,763
676582956622721024,1175,268
676575501977128964,2532,1096
676533798876651520,1835,542
676496375194980353,1489,521
676470639084101634,11381,4578
676440007570247681,1688,647
676430933382295552,1365,337
676263575653122048,2039,530
676237365392908289,1186,281
676219687039057920,74831,30387
676215927814406144,1702,563
676191832485810177,2233,1007
676146341966438401,1873,645
676121918416756736,2118,1134
676101918813499392,2767,1138
676098748976615425,2939,1390
676089483918516224,1282,427
675898130735476737,1577,559
675891555769696257,2079,834
675888385639251968,2327,933
675878199931371520,4082,1367
675870721063669760,1588,551
675853064436391936,2628,1260
675849018447167488,922,140
675845657354215424,2227,857
675822767435051008,1486,521
675820929667219457,1023,230
675798442703122432,10018,3326
675781562965868544,1591,456
675740360753160193,1134,332
675710890956750848,1845,794
675707330206547968,1928,664
675706639471788032,626,93
675534494439489536,1778,403
675531475945709568,1155,370
675522403582218240,1016,281
675517828909424640,1259,451
675501075957489664,16729,5672
675497103322386432,3061,1255
675489971617296384,1264,579
675483430902214656,1799,953
675432746517426176,1484,552
675372240448454658,1645,501
675362609739206656,1021,225
675354435921575936,31655,16300
675349384339542016,3811,2201
675334060156301312,2691,1247
675166823650848770,3485,1543
675153376133427200,6078,2500
675149409102012420,3649,1635
675147105808306176,917,227
675146535592706048,1151,287
675145476954566656,2076,869
675135153782571009,1267,469
675113801096802304,1897,762
675111688094527488,935,244
675109292475830276,2716,1101
675047298674663426,1035,312
675015141583413248,2629,1150
675006312288268288,958,216
675003128568291329,1520,452
674999807681908736,2182,1071
674805413498527744,834,344
674800520222154752,2931,827
674793399141146624,2441,1055
674790488185167872,1069,242
674788554665512960,790,203
674781762103414784,1945,1153
674774481756377088,1083,453
674767892831932416,1775,756
674764817387900928,771,229
674754018082705410,1328,431
674752233200820224,1424,448
674743008475090944,1356,531
674742531037511680,473,49
674739953134403584,1062,375
674737130913071104,627,85
674690135443775488,1114,456
674670581682434048,1563,626
674664755118911488,886,243
674646392044941312,1391,475
674644256330530816,999,260
674638615994089473,1639,560
674632714662858753,1457,554
674606911342424069,911,95
674468880899788800,6036,1966
674447403907457024,1031,346
674436901579923456,1080,377
674422304705744896,1389,524
674416750885273600,668,133
674410619106390016,1162,445
674394782723014656,1467,553
674372068062928900,826,305
674330906434379776,546,72
674318007229923329,1367,504
674307341513269249,10980,6720
674291837063053312,14243,5652
674271431610523648,1521,709
674269164442398721,885,222
674265582246694913,1592,812
674262580978937856,1265,436
674255168825880576,1416,525
674082852460433408,736,163
674075285688614912,957,274
674063288070742018,6179,2116
674053186244734976,3184,1248
674051556661161984,1402,473
674045139690631169,1364,616
674042553264685056,698,122
674038233588723717,1068,401
674036086168010753,824,202
674024893172875264,1720,1179
674019345211760640,1089,292
674014384960745472,1507,610
674008982932058114,1154,339
673956914389192708,1890,918
673919437611909120,1130,359
673906403526995968,3062,1568
673887867907739649,902,244
673716320723169284,2983,721
673715861853720576,3424,1980
673711475735838725,1005,289
673709992831262724,806,262
673708611235921920,1040,275
673707060090052608,1058,379
673705679337693185,1212,394
673700254269775872,1378,544
673697980713705472,3830,1895
673689733134946305,1678,620
673688752737402881,1219,476
673686845050527744,1390,415
673680198160809984,1320,447
673662677122719744,1213,352
673656262056419329,697,228
673636718965334016,1066,347
673612854080196609,1550,690
673583129559498752,1147,345
673580926094458881,804,264
673576835670777856,1338,543
673363615379013632,990,291
673359818736984064,1403,645
673355879178194945,1450,554
673352124999274496,1603,520
673350198937153538,726,201
673345638550134785,2422,1210
673343217010679808,936,258
673342308415348736,1231,551
673320132811366400,12969,7563
673317986296586240,850,244
673295268553605120,7242,3047
673270968295534593,1036,347
673240798075449344,1369,693
673213039743795200,2166,809
673148804208660480,1631,603
672997845381865473,1898,682
672995267319328768,914,274
672988786805112832,953,277
672984142909456390,1213,521
672980819271634944,1750,972
672975131468300288,1617,866
672970152493887488,916,341
672968025906282496,1279,520
672964561327235073,1374,617
672902681409806336,1318,476
672898206762672129,877,405
672884426393653248,1494,807
672877615439593473,996,338
672834301050937345,1270,541
672828477930868736,1213,468
672640509974827008,941,303
672622327801233409,1245,465
672614745925664768,1183,555
672609152938721280,1074,375
672604026190569472,1074,383
672594978741354496,1292,587
672591762242805761,921,323
672591271085670400,696,177
672538107540070400,994,349
672523490734551040,610,161
672488522314567680,1071,416
672482722825261057,1088,570
672481316919734272,693,123
672475084225949696,1393,672
672466075045466113,1307,510
672272411274932228,6208,3221
672267570918129665,1442,590
672264251789176834,1096,324
672256522047614977,2723,1471
672254177670729728,1384,707
672248013293752320,1680,573
672245253877968896,661,147
672239279297454080,863,309
672231046314901505,1763,963
672222792075620352,756,203
672205392827572224,2182,1105
672169685991993344,982,353
672160042234327040,844,341
672139350159835138,1683,663
672125275208069120,2296,1094
672095186491711488,965,356
672082170312290304,907,350
672068090318987265,1245,495
671896809300709376,8187,4002
671891728106971137,1271,550
671882082306625538,3332,1328
671879137494245376,1362,637
671874878652489728,1202,526
671866342182637568,1081,473
671855973984772097,870,418
671789708968640512,6786,3320
671768281401958400,1152,480
671763349865160704,1612,866
671744970634719232,1301,728
671743150407421952,724,227
671735591348891648,1391,726
671729906628341761,8195,4165
671561002136281088,12312,6928
671550332464455680,873,201
671547767500775424,1295,567
671544874165002241,1887,1005
671542985629241344,1052,539
671538301157904385,899,371
671536543010570240,1125,387
671533943490011136,982,552
671528761649688577,815,248
671520732782923777,1341,505
671518598289059840,914,284
671511350426865664,1540,673
671504605491109889,6726,3407
671497587707535361,884,428
671488513339211776,966,455
671486386088865792,556,186
671485057807351808,729,223
671390180817915904,1389,713
671362598324076544,1063,286
671357843010908160,386,147
671355857343524864,468,114
671347597085433856,922,412
671186162933985280,705,201
671182547775299584,1077,322
671166507850801152,845,330
671163268581498880,1589,1048
671159727754231808,357,77
671154572044468225,683,208
671151324042559489,643,145
671147085991960577,644,205
671141549288370177,1108,626
671138694582165504,889,382
671134062904504320,717,184
671122204919246848,3366,2405
671115716440031232,1316,745
671109016219725825,1102,418
670995969505435648,1070,280
670842764863651840,23748,8317
670840546554966016,561,185
670838202509447168,1072,664
670833812859932673,426,117
670832455012716544,705,208
670826280409919488,5304,3885
670823764196741120,742,179
670822709593571328,585,91
670815497391357952,3049,1473
670811965569282048,1088,260
670807719151067136,1123,467
670804601705242624,1887,915
670803562457407488,331,84
670797304698376195,710,227
670792680469889025,795,262
670789397210615808,636,224
670786190031921152,577,193
670783437142401025,797,368
670782429121134593,1491,734
670780561024270336,761,277
670778058496974848,319,70
670764103623966721,1038,401
670755717859713024,425,104
670733412878163972,923,492
670727704916926465,799,342
670717338665226240,1155,461
670704688707301377,748,356
670691627984359425,570,231
670679630144274432,726,270
670676092097810432,238,40
670668383499735048,10265,4792
670474236058800128,1453,709
670468609693655041,345,83
670465786746662913,936,520
670452855871037440,529,194
670449342516494336,1155,623
670444955656130560,6470,1896
670442337873600512,626,190
670435821946826752,1016,491
670434127938719744,1353,619
670433248821026816,319,107
670428280563085312,1329,592
670427002554466305,505,152
670421925039075328,1259,603
670420569653809152,601,302
670417414769758208,550,306
670411370698022913,1946,848
670408998013820928,534,209
670403879788544000,409,144
670385711116361728,544,194
670374371102445568,722,259
670361874861563904,319,62
670338931251150849,411,102
670319130621435904,3738,1162
670303360680108032,417,125
670290420111441920,675,270
670093938074779648,987,316
670086499208155136,674,244
670079681849372674,2133,1168
670073503555706880,1508,753
670069087419133954,598,225
670061506722140161,734,318
670055038660800512,644,315
670046952931721218,622,163
670040295598354432,724,105
670037189829525505,572,260
670003130994700288,318,87
669993076832759809,313,80
669972011175813120,427,149
669970042633789440,292,55
669942763794931712,487,152
669926384437997569,363,94
669923323644657664,226,53
669753178989142016,778,377
669749430875258880,252,63
669684865554620416,494,87
669683899023405056,374,103
669682095984410625,342,129
669680153564442624,645,269
669661792646373376,781,412
669625907762618368,3394,1728
669603084620980224,911,345
669597912108789760,496,142
669583744538451968,1437,884
669573570759163904,421,132
669571471778410496,1533,974
669567591774625800,227,53
669564461267722241,373,117
669393256313184256,347,71
669375718304980992,1276,696
669371483794317312,474,171
669367896104181761,442,143
669363888236994561,600,216
669359674819481600,356,114
669354382627049472,2593,1225
669353438988365824,604,248
669351434509529089,417,171
669328503091937280,977,399
669327207240699904,554,114
669324657376567296,483,198
669216679721873412,1147,389
669214165781868544,424,152
669203728096960512,974,451
669037058363662336,628,298
669015743032369152,716,357
669006782128353280,558,237
669000397445533696,20114,6092
668994913074286592,424,217
668992363537309700,721,324
668989615043424256,650,315
668988183816871936,871,441
668986018524233728,533,156
668981893510119424,519,288
668979806671884288,770,333
668975677807423489,1249,555
668967877119254528,139,21
668960084974809088,681,231
668955713004314625,266,67
668932921458302977,252,55
668902994700836864,308,97
668892474547511297,385,143
668872652652679168,509,289
668852170888998912,436,153
668826086256599040,421,128
668815180734689280,540,252
668779399630725120,681,351
668655139528511488,504,210
668645506898350081,846,508
668643542311546881,841,507
668641109086707712,1030,520
668636665813057536,1001,469
668633411083464705,2694,1540
668631377374486528,681,302
668627278264475648,304,109
668625577880875008,368,122
668623201287675904,1369,721
668620235289837568,191,38
668614819948453888,593,304
668587383441514497,1600,1024
668567822092664832,233,50
668544745690562560,493,215
668542336805281792,435,203
668537837512433665,245,67
668528771708952576,446,213
668507509523615744,311,101
668496999348633600,393,126
668484198282485761,413,224
668480044826800133,439,141
668466899341221888,856,489
668297328638447616,602,284
668291999406125056,234,29
668286279830867968,483,130
668274247790391296,790,223
668268907921326080,533,222
668256321989451776,1242,573
668248472370458624,936,460
668237644992782336,5949,2710
668226093875376128,288,97
668221241640230912,496,187
668204964695683073,535,186
668190681446379520,624,191
668171859951755264,466,184
668154635664932864,479,295
668142349051129856,554,269
668113020489474048,647,224
667937095915278337,1206,757
667924896115245057,285,108
667915453470232577,200,53
667911425562669056,473,282
667902449697558528,822,360
667886921285246976,1796,1028
667885044254572545,786,449
667878741721415682,379,113
667873844930215936,601,384
667866724293877760,2905,983
667861340749471744,234,74
667832474953625600,284,60
667806454573760512,1014,469
667801013445750784,316,93
667793409583771648,675,313
667782464991965184,397,235
667773195014021121,225,52
667766675769573376,420,204
667728196545200128,365,143
667724302356258817,461,305
667550904950915073,0,33
667550882905632768,0,32
667549055577362432,5518,2148
667546741521195010,325,116
667544320556335104,824,499
667538891197542400,196,62
667534815156183040,782,498
667530908589760512,446,225
667524857454854144,1619,1063
667517642048163840,352,181
667509364010450944,6500,2021
667502640335572993,519,212
667495797102141441,500,253
667491009379606528,506,212
667470559035432960,243,90
667455448082227200,183,56
667453023279554560,297,84
667443425659232256,748,546
667437278097252352,431,225
667435689202614272,295,82
667405339315146752,447,213
667393430834667520,186,52
667369227918143488,350,153
667211855547486208,465,227
667200525029539841,586,248
667192066997374976,366,93
667188689915760640,711,379
667182792070062081,13648,5852
667177989038297088,183,51
667176164155375616,582,434
667174963120574464,233,74
667171260800061440,210,79
667165590075940865,2566,1071
667160273090932737,247,60
667152164079423490,45529,16055
667138269671505920,4365,2071
667119796878725120,317,123
667090893657276420,317,118
667073648344346624,379,112
667070482143944705,80,14
667065535570550784,161,42
667062181243039745,209,49
667044094246576128,175,46
667012601033924608,428,211
666996132027977728,231,84
666983947667116034,2431,929
666837028449972224,767,522
666835007768551424,200,77
666826780179869698,242,88
666817836334096384,490,236
666804364988780544,220,85
666786068205871104,717,457
666781792255496192,366,179
666776908487630848,331,161
666739327293083650,222,62
666701168228331520,408,206
666691418707132416,175,45
666649482315059201,1059,582
666644823164719104,221,76
666454714377183233,489,199
666447344410484738,98,18
666437273139982337,116,42
666435652385423360,158,47
666430724426358785,299,177
666428276349472768,156,77
666421158376562688,301,105
666418789513326592,114,42
666411507551481857,413,298
666407126856765440,100,32
666396247373291520,158,75
666373753744588802,173,83
666362758909284353,727,519
666353288456101888,198,66
666345417576210432,274,128
666337882303524864,181,83
666293911632134144,467,319
666287406224695296,136,62
666273097616637952,161,71
666268910803644416,95,32
666104133288665088,13634,5985
666102155909144576,70,11
666099513787052032,142,60
666094000022159362,153,67
666082916733198337,103,41
666073100786774016,297,146
666071193221509120,136,53
666063827256086533,447,197
666058600524156928,105,54
666057090499244032,268,126
666055525042405380,408,220
666051853826850816,1125,776
666050758794694657,125,51
666049248165822465,96,39
666044226329800704,271,132
666033412701032449,112,41
666029285002620928,121,42
666020888022790149,2411,462
